product_id,date,predicted_demand,baseline_used,day_factor_used,event_multiplier_used,confidence_score,confidence_reason
P01,2028-01-01,44.5141,44.0,1.1554,0.8756,0.9,"High confidence: sufficient history (730 days), though dampened by outliers detected in history."
P01,2028-01-02,46.0742,44.0,1.0659,0.9824,0.9,"High confidence: sufficient history (730 days), though dampened by outliers detected in history."
P01,2028-01-03,39.9405,44.0,0.924,0.9824,0.9,"High confidence: sufficient history (730 days), though dampened by outliers detected in history."
P01,2028-01-04,40.4159,44.0,0.935,0.9824,0.9,"High confidence: sufficient history (730 days), though dampened by outliers detected in history."
P01,2028-01-05,41.9332,44.0,0.9701,0.9824,0.9,"High confidence: sufficient history (730 days), though dampened by outliers detected in history."
P01,2028-01-06,43.7832,44.0,1.0129,0.9824,0.9,"High confidence: sufficient history (730 days), though dampened by outliers detected in history."
P01,2028-01-07,44.1117,44.0,1.0205,0.9824,0.9,"High confidence: sufficient history (730 days), though dampened by outliers detected in history."
P01,2028-01-08,49.9429,44.0,1.1554,0.9824,0.9,"High confidence: sufficient history (730 days), though dampened by outliers detected in history."
P01,2028-01-09,46.0742,44.0,1.0659,0.9824,0.9,"High confidence: sufficient history (730 days), though dampened by outliers detected in history."
P01,2028-01-10,39.9405,44.0,0.924,0.9824,0.9,"High confidence: sufficient history (730 days), though dampened by outliers detected in history."
P01,2028-01-11,40.4159,44.0,0.935,0.9824,0.9,"High confidence: sufficient history (730 days), though dampened by outliers detected in history."
P01,2028-01-12,41.9332,44.0,0.9701,0.9824,0.9,"High confidence: sufficient history (730 days), though dampened by outliers detected in history."
P01,2028-01-13,51.454,44.0,1.0129,1.1545,0.9,"High confidence: sufficient history (730 days), though dampened by outliers detected in history."
P01,2028-01-14,51.8401,44.0,1.0205,1.1545,0.9,"High confidence: sufficient history (730 days), though dampened by outliers detected in history."
P02,2028-01-01,63.3295,75.0,1.146,0.7368,1.0,"High confidence: long, clean history with 730 days of observations."
P02,2028-01-02,78.7337,75.0,1.0925,0.9609,1.0,"High confidence: long, clean history with 730 days of observations."
P02,2028-01-03,66.2444,75.0,0.9192,0.9609,1.0,"High confidence: long, clean history with 730 days of observations."
P02,2028-01-04,68.4641,75.0,0.95,0.9609,1.0,"High confidence: long, clean history with 730 days of observations."
P02,2028-01-05,69.2929,75.0,0.9615,0.9609,1.0,"High confidence: long, clean history with 730 days of observations."
P02,2028-01-06,70.6117,75.0,0.9798,0.9609,1.0,"High confidence: long, clean history with 730 days of observations."
P02,2028-01-07,74.8277,75.0,1.0383,0.9609,1.0,"High confidence: long, clean history with 730 days of observations."
P02,2028-01-08,82.5894,75.0,1.146,0.9609,1.0,"High confidence: long, clean history with 730 days of observations."
P02,2028-01-09,78.7337,75.0,1.0925,0.9609,1.0,"High confidence: long, clean history with 730 days of observations."
P02,2028-01-10,66.2444,75.0,0.9192,0.9609,1.0,"High confidence: long, clean history with 730 days of observations."
P02,2028-01-11,68.4641,75.0,0.95,0.9609,1.0,"High confidence: long, clean history with 730 days of observations."
P02,2028-01-12,69.2929,75.0,0.9615,0.9609,1.0,"High confidence: long, clean history with 730 days of observations."
P02,2028-01-13,79.1981,75.0,0.9798,1.0777,1.0,"High confidence: long, clean history with 730 days of observations."
P02,2028-01-14,83.9267,75.0,1.0383,1.0777,1.0,"High confidence: long, clean history with 730 days of observations."
P03,2028-01-01,27.0569,36.0,1.1371,0.661,0.95,"High confidence: sufficient history (730 days), though dampened by gaps in history."
P03,2028-01-02,35.9453,36.0,1.0428,0.9575,0.95,"High confidence: sufficient history (730 days), though dampened by gaps in history."
P03,2028-01-03,31.3884,36.0,0.9106,0.9575,0.95,"High confidence: sufficient history (730 days), though dampened by gaps in history."
P03,2028-01-04,33.4014,36.0,0.969,0.9575,0.95,"High confidence: sufficient history (730 days), though dampened by gaps in history."
P03,2028-01-05,33.7461,36.0,0.979,0.9575,0.95,"High confidence: sufficient history (730 days), though dampened by gaps in history."
P03,2028-01-06,34.0253,36.0,0.9871,0.9575,0.95,"High confidence: sufficient history (730 days), though dampened by gaps in history."
P03,2028-01-07,36.2831,36.0,1.0526,0.9575,0.95,"High confidence: sufficient history (730 days), though dampened by gaps in history."
P03,2028-01-08,39.1958,36.0,1.1371,0.9575,0.95,"High confidence: sufficient history (730 days), though dampened by gaps in history."
P03,2028-01-09,35.9453,36.0,1.0428,0.9575,0.95,"High confidence: sufficient history (730 days), though dampened by gaps in history."
P03,2028-01-10,31.3884,36.0,0.9106,0.9575,0.95,"High confidence: sufficient history (730 days), though dampened by gaps in history."
P03,2028-01-11,33.4014,36.0,0.969,0.9575,0.95,"High confidence: sufficient history (730 days), though dampened by gaps in history."
P03,2028-01-12,33.7461,36.0,0.979,0.9575,0.95,"High confidence: sufficient history (730 days), though dampened by gaps in history."
P03,2028-01-13,39.745,36.0,0.9871,1.1185,0.95,"High confidence: sufficient history (730 days), though dampened by gaps in history."
P03,2028-01-14,42.3823,36.0,1.0526,1.1185,0.95,"High confidence: sufficient history (730 days), though dampened by gaps in history."
P04,2028-01-01,39.6087,51.0,1.1456,0.6779,1.0,"High confidence: long, clean history with 730 days of observations."
P04,2028-01-02,53.7374,51.0,1.0945,0.9627,1.0,"High confidence: long, clean history with 730 days of observations."
P04,2028-01-03,44.7722,51.0,0.9119,0.9627,1.0,"High confidence: long, clean history with 730 days of observations."
P04,2028-01-04,46.2697,51.0,0.9424,0.9627,1.0,"High confidence: long, clean history with 730 days of observations."
P04,2028-01-05,47.8163,51.0,0.9739,0.9627,1.0,"High confidence: long, clean history with 730 days of observations."
P04,2028-01-06,48.5233,51.0,0.9883,0.9627,1.0,"High confidence: long, clean history with 730 days of observations."
P04,2028-01-07,50.4724,51.0,1.028,0.9627,1.0,"High confidence: long, clean history with 730 days of observations."
P04,2028-01-08,56.2463,51.0,1.1456,0.9627,1.0,"High confidence: long, clean history with 730 days of observations."
P04,2028-01-09,53.7374,51.0,1.0945,0.9627,1.0,"High confidence: long, clean history with 730 days of observations."
P04,2028-01-10,44.7722,51.0,0.9119,0.9627,1.0,"High confidence: long, clean history with 730 days of observations."
P04,2028-01-11,46.2697,51.0,0.9424,0.9627,1.0,"High confidence: long, clean history with 730 days of observations."
P04,2028-01-12,47.8163,51.0,0.9739,0.9627,1.0,"High confidence: long, clean history with 730 days of observations."
P04,2028-01-13,55.991,51.0,0.9883,1.1109,1.0,"High confidence: long, clean history with 730 days of observations."
P04,2028-01-14,58.2401,51.0,1.028,1.1109,1.0,"High confidence: long, clean history with 730 days of observations."
P05,2028-01-01,49.3632,54.0,1.1217,0.815,1.0,"High confidence: long, clean history with 730 days of observations."
P05,2028-01-02,58.521,54.0,1.1028,0.9827,1.0,"High confidence: long, clean history with 730 days of observations."
P05,2028-01-03,48.3695,54.0,0.9115,0.9827,1.0,"High confidence: long, clean history with 730 days of observations."
P05,2028-01-04,49.919,54.0,0.9407,0.9827,1.0,"High confidence: long, clean history with 730 days of observations."
P05,2028-01-05,51.3412,54.0,0.9675,0.9827,1.0,"High confidence: long, clean history with 730 days of observations."
P05,2028-01-06,52.2061,54.0,0.9838,0.9827,1.0,"High confidence: long, clean history with 730 days of observations."
P05,2028-01-07,55.9791,54.0,1.0549,0.9827,1.0,"High confidence: long, clean history with 730 days of observations."
P05,2028-01-08,59.5239,54.0,1.1217,0.9827,1.0,"High confidence: long, clean history with 730 days of observations."
P05,2028-01-09,58.521,54.0,1.1028,0.9827,1.0,"High confidence: long, clean history with 730 days of observations."
P05,2028-01-10,48.3695,54.0,0.9115,0.9827,1.0,"High confidence: long, clean history with 730 days of observations."
P05,2028-01-11,49.919,54.0,0.9407,0.9827,1.0,"High confidence: long, clean history with 730 days of observations."
P05,2028-01-12,51.3412,54.0,0.9675,0.9827,1.0,"High confidence: long, clean history with 730 days of observations."
P05,2028-01-13,62.1305,54.0,0.9838,1.1695,1.0,"High confidence: long, clean history with 730 days of observations."
P05,2028-01-14,66.6207,54.0,1.0549,1.1695,1.0,"High confidence: long, clean history with 730 days of observations."
P06,2028-01-01,49.874,59.0,1.1574,0.7304,1.0,"High confidence: long, clean history with 730 days of observations."
P06,2028-01-02,60.9209,59.0,1.0828,0.9536,1.0,"High confidence: long, clean history with 730 days of observations."
P06,2028-01-03,51.8458,59.0,0.9215,0.9536,1.0,"High confidence: long, clean history with 730 days of observations."
P06,2028-01-04,52.9879,59.0,0.9418,0.9536,1.0,"High confidence: long, clean history with 730 days of observations."
P06,2028-01-05,52.9879,59.0,0.9418,0.9536,1.0,"High confidence: long, clean history with 730 days of observations."
P06,2028-01-06,57.5958,59.0,1.0237,0.9536,1.0,"High confidence: long, clean history with 730 days of observations."
P06,2028-01-07,57.1007,59.0,1.0149,0.9536,1.0,"High confidence: long, clean history with 730 days of observations."
P06,2028-01-08,65.1181,59.0,1.1574,0.9536,1.0,"High confidence: long, clean history with 730 days of observations."
P06,2028-01-09,60.9209,59.0,1.0828,0.9536,1.0,"High confidence: long, clean history with 730 days of observations."
P06,2028-01-10,51.8458,59.0,0.9215,0.9536,1.0,"High confidence: long, clean history with 730 days of observations."
P06,2028-01-11,52.9879,59.0,0.9418,0.9536,1.0,"High confidence: long, clean history with 730 days of observations."
P06,2028-01-12,52.9879,59.0,0.9418,0.9536,1.0,"High confidence: long, clean history with 730 days of observations."
P06,2028-01-13,62.4742,59.0,1.0237,1.0344,1.0,"High confidence: long, clean history with 730 days of observations."
P06,2028-01-14,61.9371,59.0,1.0149,1.0344,1.0,"High confidence: long, clean history with 730 days of observations."
P07,2028-01-01,26.4223,33.0,1.1202,0.7148,1.0,"High confidence: long, clean history with 730 days of observations."
P07,2028-01-02,33.6502,33.0,1.0841,0.9406,1.0,"High confidence: long, clean history with 730 days of observations."
P07,2028-01-03,28.5939,33.0,0.9212,0.9406,1.0,"High confidence: long, clean history with 730 days of observations."
P07,2028-01-04,29.4257,33.0,0.948,0.9406,1.0,"High confidence: long, clean history with 730 days of observations."
P07,2028-01-05,29.5685,33.0,0.9526,0.9406,1.0,"High confidence: long, clean history with 730 days of observations."
P07,2028-01-06,30.8939,33.0,0.9953,0.9406,1.0,"High confidence: long, clean history with 730 days of observations."
P07,2028-01-07,32.8494,33.0,1.0583,0.9406,1.0,"High confidence: long, clean history with 730 days of observations."
P07,2028-01-08,34.7708,33.0,1.1202,0.9406,1.0,"High confidence: long, clean history with 730 days of observations."
P07,2028-01-09,33.6502,33.0,1.0841,0.9406,1.0,"High confidence: long, clean history with 730 days of observations."
P07,2028-01-10,28.5939,33.0,0.9212,0.9406,1.0,"High confidence: long, clean history with 730 days of observations."
P07,2028-01-11,29.4257,33.0,0.948,0.9406,1.0,"High confidence: long, clean history with 730 days of observations."
P07,2028-01-12,29.5685,33.0,0.9526,0.9406,1.0,"High confidence: long, clean history with 730 days of observations."
P07,2028-01-13,33.8103,33.0,0.9953,1.0294,1.0,"High confidence: long, clean history with 730 days of observations."
P07,2028-01-14,35.9504,33.0,1.0583,1.0294,1.0,"High confidence: long, clean history with 730 days of observations."
P08,2028-01-01,26.6881,42.0,1.1902,0.5339,1.0,"High confidence: long, clean history with 730 days of observations."
P08,2028-01-02,44.7923,42.0,1.0753,0.9918,1.0,"High confidence: long, clean history with 730 days of observations."
P08,2028-01-03,38.0815,42.0,0.9142,0.9918,1.0,"High confidence: long, clean history with 730 days of observations."
P08,2028-01-04,37.6817,42.0,0.9046,0.9918,1.0,"High confidence: long, clean history with 730 days of observations."
P08,2028-01-05,40.4892,42.0,0.972,0.9918,1.0,"High confidence: long, clean history with 730 days of observations."
P08,2028-01-06,40.4851,42.0,0.9719,0.9918,1.0,"High confidence: long, clean history with 730 days of observations."
P08,2028-01-07,45.2546,42.0,1.0864,0.9918,1.0,"High confidence: long, clean history with 730 days of observations."
P08,2028-01-08,49.5785,42.0,1.1902,0.9918,1.0,"High confidence: long, clean history with 730 days of observations."
P08,2028-01-09,44.7923,42.0,1.0753,0.9918,1.0,"High confidence: long, clean history with 730 days of observations."
P08,2028-01-10,38.0815,42.0,0.9142,0.9918,1.0,"High confidence: long, clean history with 730 days of observations."
P08,2028-01-11,37.6817,42.0,0.9046,0.9918,1.0,"High confidence: long, clean history with 730 days of observations."
P08,2028-01-12,40.4892,42.0,0.972,0.9918,1.0,"High confidence: long, clean history with 730 days of observations."
P08,2028-01-13,48.4363,42.0,0.9719,1.1866,1.0,"High confidence: long, clean history with 730 days of observations."
P08,2028-01-14,54.1427,42.0,1.0864,1.1866,1.0,"High confidence: long, clean history with 730 days of observations."
P09,2028-01-01,28.2649,37.0,1.1045,0.6916,1.0,"High confidence: long, clean history with 730 days of observations."
P09,2028-01-02,36.2314,37.0,1.0518,0.931,1.0,"High confidence: long, clean history with 730 days of observations."
P09,2028-01-03,31.8221,37.0,0.9238,0.931,1.0,"High confidence: long, clean history with 730 days of observations."
P09,2028-01-04,33.7891,37.0,0.9809,0.931,1.0,"High confidence: long, clean history with 730 days of observations."
P09,2028-01-05,34.3816,37.0,0.9981,0.931,1.0,"High confidence: long, clean history with 730 days of observations."
P09,2028-01-06,33.4205,37.0,0.9702,0.931,1.0,"High confidence: long, clean history with 730 days of observations."
P09,2028-01-07,35.5424,37.0,1.0318,0.931,1.0,"High confidence: long, clean history with 730 days of observations."
P09,2028-01-08,38.0467,37.0,1.1045,0.931,1.0,"High confidence: long, clean history with 730 days of observations."
P09,2028-01-09,36.2314,37.0,1.0518,0.931,1.0,"High confidence: long, clean history with 730 days of observations."
P09,2028-01-10,31.8221,37.0,0.9238,0.931,1.0,"High confidence: long, clean history with 730 days of observations."
P09,2028-01-11,33.7891,37.0,0.9809,0.931,1.0,"High confidence: long, clean history with 730 days of observations."
P09,2028-01-12,34.3816,37.0,0.9981,0.931,1.0,"High confidence: long, clean history with 730 days of observations."
P09,2028-01-13,37.4844,37.0,0.9702,1.0442,1.0,"High confidence: long, clean history with 730 days of observations."
P09,2028-01-14,39.8644,37.0,1.0318,1.0442,1.0,"High confidence: long, clean history with 730 days of observations."
P10,2028-01-01,57.2114,49.0,1.1479,1.0171,1.0,"High confidence: long, clean history with 730 days of observations."
P10,2028-01-02,52.0921,49.0,1.0733,0.9905,1.0,"High confidence: long, clean history with 730 days of observations."
P10,2028-01-03,44.3994,49.0,0.9148,0.9905,1.0,"High confidence: long, clean history with 730 days of observations."
P10,2028-01-04,45.6321,49.0,0.9402,0.9905,1.0,"High confidence: long, clean history with 730 days of observations."
P10,2028-01-05,47.2677,49.0,0.9739,0.9905,1.0,"High confidence: long, clean history with 730 days of observations."
P10,2028-01-06,47.9133,49.0,0.9872,0.9905,1.0,"High confidence: long, clean history with 730 days of observations."
P10,2028-01-07,50.9515,49.0,1.0498,0.9905,1.0,"High confidence: long, clean history with 730 days of observations."
P10,2028-01-08,55.7128,49.0,1.1479,0.9905,1.0,"High confidence: long, clean history with 730 days of observations."
P10,2028-01-09,52.0921,49.0,1.0733,0.9905,1.0,"High confidence: long, clean history with 730 days of observations."
P10,2028-01-10,44.3994,49.0,0.9148,0.9905,1.0,"High confidence: long, clean history with 730 days of observations."
P10,2028-01-11,45.6321,49.0,0.9402,0.9905,1.0,"High confidence: long, clean history with 730 days of observations."
P10,2028-01-12,47.2677,49.0,0.9739,0.9905,1.0,"High confidence: long, clean history with 730 days of observations."
P10,2028-01-13,57.8505,49.0,0.9872,1.1959,1.0,"High confidence: long, clean history with 730 days of observations."
P10,2028-01-14,61.5189,49.0,1.0498,1.1959,1.0,"High confidence: long, clean history with 730 days of observations."
P11,2028-01-01,14.7139,16.0,1.1289,0.8146,1.0,"High confidence: long, clean history with 730 days of observations."
P11,2028-01-02,17.6546,16.0,1.1,1.0031,1.0,"High confidence: long, clean history with 730 days of observations."
P11,2028-01-03,14.9807,16.0,0.9334,1.0031,1.0,"High confidence: long, clean history with 730 days of observations."
P11,2028-01-04,15.5521,16.0,0.969,1.0031,1.0,"High confidence: long, clean history with 730 days of observations."
P11,2028-01-05,15.1733,16.0,0.9454,1.0031,1.0,"High confidence: long, clean history with 730 days of observations."
P11,2028-01-06,15.6114,16.0,0.9727,1.0031,1.0,"High confidence: long, clean history with 730 days of observations."
P11,2028-01-07,16.5391,16.0,1.0305,1.0031,1.0,"High confidence: long, clean history with 730 days of observations."
P11,2028-01-08,18.1184,16.0,1.1289,1.0031,1.0,"High confidence: long, clean history with 730 days of observations."
P11,2028-01-09,17.6546,16.0,1.1,1.0031,1.0,"High confidence: long, clean history with 730 days of observations."
P11,2028-01-10,14.9807,16.0,0.9334,1.0031,1.0,"High confidence: long, clean history with 730 days of observations."
P11,2028-01-11,15.5521,16.0,0.969,1.0031,1.0,"High confidence: long, clean history with 730 days of observations."
P11,2028-01-12,15.1733,16.0,0.9454,1.0031,1.0,"High confidence: long, clean history with 730 days of observations."
P11,2028-01-13,19.1646,16.0,0.9727,1.2314,1.0,"High confidence: long, clean history with 730 days of observations."
P11,2028-01-14,20.3034,16.0,1.0305,1.2314,1.0,"High confidence: long, clean history with 730 days of observations."
P12,2028-01-01,13.939,17.0,1.1808,0.6944,1.0,"High confidence: long, clean history with 730 days of observations."
P12,2028-01-02,17.8724,17.0,1.1084,0.9485,1.0,"High confidence: long, clean history with 730 days of observations."
P12,2028-01-03,14.87,17.0,0.9222,0.9485,1.0,"High confidence: long, clean history with 730 days of observations."
P12,2028-01-04,15.049,17.0,0.9333,0.9485,1.0,"High confidence: long, clean history with 730 days of observations."
P12,2028-01-05,15.3957,17.0,0.9548,0.9485,1.0,"High confidence: long, clean history with 730 days of observations."
P12,2028-01-06,15.6488,17.0,0.9705,0.9485,1.0,"High confidence: long, clean history with 730 days of observations."
P12,2028-01-07,16.6695,17.0,1.0338,0.9485,1.0,"High confidence: long, clean history with 730 days of observations."
P12,2028-01-08,19.0398,17.0,1.1808,0.9485,1.0,"High confidence: long, clean history with 730 days of observations."
P12,2028-01-09,17.8724,17.0,1.1084,0.9485,1.0,"High confidence: long, clean history with 730 days of observations."
P12,2028-01-10,14.87,17.0,0.9222,0.9485,1.0,"High confidence: long, clean history with 730 days of observations."
P12,2028-01-11,15.049,17.0,0.9333,0.9485,1.0,"High confidence: long, clean history with 730 days of observations."
P12,2028-01-12,15.3957,17.0,0.9548,0.9485,1.0,"High confidence: long, clean history with 730 days of observations."
P12,2028-01-13,20.0149,17.0,0.9705,1.2131,1.0,"High confidence: long, clean history with 730 days of observations."
P12,2028-01-14,21.3203,17.0,1.0338,1.2131,1.0,"High confidence: long, clean history with 730 days of observations."
P13,2028-01-01,18.507,23.0,1.1655,0.6904,1.0,"High confidence: long, clean history with 730 days of observations."
P13,2028-01-02,25.7792,23.0,1.1301,0.9918,1.0,"High confidence: long, clean history with 730 days of observations."
P13,2028-01-03,20.0421,23.0,0.8786,0.9918,1.0,"High confidence: long, clean history with 730 days of observations."
P13,2028-01-04,21.6412,23.0,0.9487,0.9918,1.0,"High confidence: long, clean history with 730 days of observations."
P13,2028-01-05,21.8145,23.0,0.9563,0.9918,1.0,"High confidence: long, clean history with 730 days of observations."
P13,2028-01-06,22.5285,23.0,0.9876,0.9918,1.0,"High confidence: long, clean history with 730 days of observations."
P13,2028-01-07,23.5915,23.0,1.0342,0.9918,1.0,"High confidence: long, clean history with 730 days of observations."
P13,2028-01-08,26.5867,23.0,1.1655,0.9918,1.0,"High confidence: long, clean history with 730 days of observations."
P13,2028-01-09,25.7792,23.0,1.1301,0.9918,1.0,"High confidence: long, clean history with 730 days of observations."
P13,2028-01-10,20.0421,23.0,0.8786,0.9918,1.0,"High confidence: long, clean history with 730 days of observations."
P13,2028-01-11,21.6412,23.0,0.9487,0.9918,1.0,"High confidence: long, clean history with 730 days of observations."
P13,2028-01-12,21.8145,23.0,0.9563,0.9918,1.0,"High confidence: long, clean history with 730 days of observations."
P13,2028-01-13,26.7436,23.0,0.9876,1.1774,1.0,"High confidence: long, clean history with 730 days of observations."
P13,2028-01-14,28.0055,23.0,1.0342,1.1774,1.0,"High confidence: long, clean history with 730 days of observations."
P14,2028-01-01,51.6416,66.0,1.1453,0.6832,1.0,"High confidence: long, clean history with 730 days of observations."
P14,2028-01-02,71.0102,66.0,1.1035,0.975,1.0,"High confidence: long, clean history with 730 days of observations."
P14,2028-01-03,58.8996,66.0,0.9153,0.975,1.0,"High confidence: long, clean history with 730 days of observations."
P14,2028-01-04,60.3732,66.0,0.9382,0.975,1.0,"High confidence: long, clean history with 730 days of observations."
P14,2028-01-05,60.9201,66.0,0.9467,0.975,1.0,"High confidence: long, clean history with 730 days of observations."
P14,2028-01-06,64.7747,66.0,1.0066,0.975,1.0,"High confidence: long, clean history with 730 days of observations."
P14,2028-01-07,66.3642,66.0,1.0313,0.975,1.0,"High confidence: long, clean history with 730 days of observations."
P14,2028-01-08,73.7001,66.0,1.1453,0.975,1.0,"High confidence: long, clean history with 730 days of observations."
P14,2028-01-09,71.0102,66.0,1.1035,0.975,1.0,"High confidence: long, clean history with 730 days of observations."
P14,2028-01-10,58.8996,66.0,0.9153,0.975,1.0,"High confidence: long, clean history with 730 days of observations."
P14,2028-01-11,60.3732,66.0,0.9382,0.975,1.0,"High confidence: long, clean history with 730 days of observations."
P14,2028-01-12,60.9201,66.0,0.9467,0.975,1.0,"High confidence: long, clean history with 730 days of observations."
P14,2028-01-13,72.3663,66.0,1.0066,1.0893,1.0,"High confidence: long, clean history with 730 days of observations."
P14,2028-01-14,74.142,66.0,1.0313,1.0893,1.0,"High confidence: long, clean history with 730 days of observations."
P15,2028-01-01,23.0073,36.0,1.0854,0.5888,1.0,"High confidence: long, clean history with 730 days of observations."
P15,2028-01-02,36.4899,36.0,1.0828,0.9361,1.0,"High confidence: long, clean history with 730 days of observations."
P15,2028-01-03,31.0744,36.0,0.9221,0.9361,1.0,"High confidence: long, clean history with 730 days of observations."
P15,2028-01-04,32.5572,36.0,0.9661,0.9361,1.0,"High confidence: long, clean history with 730 days of observations."
P15,2028-01-05,31.927,36.0,0.9474,0.9361,1.0,"High confidence: long, clean history with 730 days of observations."
P15,2028-01-06,33.3356,36.0,0.9892,0.9361,1.0,"High confidence: long, clean history with 730 days of observations."
P15,2028-01-07,36.2776,36.0,1.0765,0.9361,1.0,"High confidence: long, clean history with 730 days of observations."
P15,2028-01-08,36.5775,36.0,1.0854,0.9361,1.0,"High confidence: long, clean history with 730 days of observations."
P15,2028-01-09,36.4899,36.0,1.0828,0.9361,1.0,"High confidence: long, clean history with 730 days of observations."
P15,2028-01-10,31.0744,36.0,0.9221,0.9361,1.0,"High confidence: long, clean history with 730 days of observations."
P15,2028-01-11,32.5572,36.0,0.9661,0.9361,1.0,"High confidence: long, clean history with 730 days of observations."
P15,2028-01-12,31.927,36.0,0.9474,0.9361,1.0,"High confidence: long, clean history with 730 days of observations."
P15,2028-01-13,34.5491,36.0,0.9892,0.9702,1.0,"High confidence: long, clean history with 730 days of observations."
P15,2028-01-14,37.5981,36.0,1.0765,0.9702,1.0,"High confidence: long, clean history with 730 days of observations."
P16,2028-01-01,41.2724,46.0,1.1731,0.7648,1.0,"High confidence: long, clean history with 730 days of observations."
P16,2028-01-02,49.8003,46.0,1.1055,0.9793,1.0,"High confidence: long, clean history with 730 days of observations."
P16,2028-01-03,40.8629,46.0,0.9071,0.9793,1.0,"High confidence: long, clean history with 730 days of observations."
P16,2028-01-04,41.2683,46.0,0.9161,0.9793,1.0,"High confidence: long, clean history with 730 days of observations."
P16,2028-01-05,45.0793,46.0,1.0007,0.9793,1.0,"High confidence: long, clean history with 730 days of observations."
P16,2028-01-06,44.1694,46.0,0.9805,0.9793,1.0,"High confidence: long, clean history with 730 days of observations."
P16,2028-01-07,45.5298,46.0,1.0107,0.9793,1.0,"High confidence: long, clean history with 730 days of observations."
P16,2028-01-08,52.8456,46.0,1.1731,0.9793,1.0,"High confidence: long, clean history with 730 days of observations."
P16,2028-01-09,49.8003,46.0,1.1055,0.9793,1.0,"High confidence: long, clean history with 730 days of observations."
P16,2028-01-10,40.8629,46.0,0.9071,0.9793,1.0,"High confidence: long, clean history with 730 days of observations."
P16,2028-01-11,41.2683,46.0,0.9161,0.9793,1.0,"High confidence: long, clean history with 730 days of observations."
P16,2028-01-12,45.0793,46.0,1.0007,0.9793,1.0,"High confidence: long, clean history with 730 days of observations."
P16,2028-01-13,50.9008,46.0,0.9805,1.1285,1.0,"High confidence: long, clean history with 730 days of observations."
P16,2028-01-14,52.4686,46.0,1.0107,1.1285,1.0,"High confidence: long, clean history with 730 days of observations."
P17,2028-01-01,12.9155,14.0,1.1952,0.7719,1.0,"High confidence: long, clean history with 730 days of observations."
P17,2028-01-02,16.3903,14.0,1.1318,1.0344,1.0,"High confidence: long, clean history with 730 days of observations."
P17,2028-01-03,13.0566,14.0,0.9016,1.0344,1.0,"High confidence: long, clean history with 730 days of observations."
P17,2028-01-04,13.6359,14.0,0.9416,1.0344,1.0,"High confidence: long, clean history with 730 days of observations."
P17,2028-01-05,14.0631,14.0,0.9711,1.0344,1.0,"High confidence: long, clean history with 730 days of observations."
P17,2028-01-06,13.6185,14.0,0.9404,1.0344,1.0,"High confidence: long, clean history with 730 days of observations."
P17,2028-01-07,14.9479,14.0,1.0322,1.0344,1.0,"High confidence: long, clean history with 730 days of observations."
P17,2028-01-08,17.3084,14.0,1.1952,1.0344,1.0,"High confidence: long, clean history with 730 days of observations."
P17,2028-01-09,16.3903,14.0,1.1318,1.0344,1.0,"High confidence: long, clean history with 730 days of observations."
P17,2028-01-10,13.0566,14.0,0.9016,1.0344,1.0,"High confidence: long, clean history with 730 days of observations."
P17,2028-01-11,13.6359,14.0,0.9416,1.0344,1.0,"High confidence: long, clean history with 730 days of observations."
P17,2028-01-12,14.0631,14.0,0.9711,1.0344,1.0,"High confidence: long, clean history with 730 days of observations."
P17,2028-01-13,16.0617,14.0,0.9404,1.22,1.0,"High confidence: long, clean history with 730 days of observations."
P17,2028-01-14,17.6296,14.0,1.0322,1.22,1.0,"High confidence: long, clean history with 730 days of observations."
P18,2028-01-01,47.3573,51.0,1.1285,0.8228,1.0,"High confidence: long, clean history with 730 days of observations."
P18,2028-01-02,55.242,51.0,1.098,0.9865,1.0,"High confidence: long, clean history with 730 days of observations."
P18,2028-01-03,45.2753,51.0,0.8999,0.9865,1.0,"High confidence: long, clean history with 730 days of observations."
P18,2028-01-04,48.1783,51.0,0.9576,0.9865,1.0,"High confidence: long, clean history with 730 days of observations."
P18,2028-01-05,48.8525,51.0,0.971,0.9865,1.0,"High confidence: long, clean history with 730 days of observations."
P18,2028-01-06,50.2058,51.0,0.9979,0.9865,1.0,"High confidence: long, clean history with 730 days of observations."
P18,2028-01-07,51.524,51.0,1.0241,0.9865,1.0,"High confidence: long, clean history with 730 days of observations."
P18,2028-01-08,56.7765,51.0,1.1285,0.9865,1.0,"High confidence: long, clean history with 730 days of observations."
P18,2028-01-09,55.242,51.0,1.098,0.9865,1.0,"High confidence: long, clean history with 730 days of observations."
P18,2028-01-10,45.2753,51.0,0.8999,0.9865,1.0,"High confidence: long, clean history with 730 days of observations."
P18,2028-01-11,48.1783,51.0,0.9576,0.9865,1.0,"High confidence: long, clean history with 730 days of observations."
P18,2028-01-12,48.8525,51.0,0.971,0.9865,1.0,"High confidence: long, clean history with 730 days of observations."
P18,2028-01-13,60.498,51.0,0.9979,1.1887,1.0,"High confidence: long, clean history with 730 days of observations."
P18,2028-01-14,62.0864,51.0,1.0241,1.1887,1.0,"High confidence: long, clean history with 730 days of observations."
P19,2028-01-01,33.8268,44.0,1.1191,0.687,1.0,"High confidence: long, clean history with 730 days of observations."
P19,2028-01-02,44.6585,44.0,1.0809,0.939,1.0,"High confidence: long, clean history with 730 days of observations."
P19,2028-01-03,38.1677,44.0,0.9238,0.939,1.0,"High confidence: long, clean history with 730 days of observations."
P19,2028-01-04,38.9114,44.0,0.9418,0.939,1.0,"High confidence: long, clean history with 730 days of observations."
P19,2028-01-05,39.5601,44.0,0.9575,0.939,1.0,"High confidence: long, clean history with 730 days of observations."
P19,2028-01-06,40.9813,44.0,0.9919,0.939,1.0,"High confidence: long, clean history with 730 days of observations."
P19,2028-01-07,44.0222,44.0,1.0655,0.939,1.0,"High confidence: long, clean history with 730 days of observations."
P19,2028-01-08,46.2367,44.0,1.1191,0.939,1.0,"High confidence: long, clean history with 730 days of observations."
P19,2028-01-09,44.6585,44.0,1.0809,0.939,1.0,"High confidence: long, clean history with 730 days of observations."
P19,2028-01-10,38.1677,44.0,0.9238,0.939,1.0,"High confidence: long, clean history with 730 days of observations."
P19,2028-01-11,38.9114,44.0,0.9418,0.939,1.0,"High confidence: long, clean history with 730 days of observations."
P19,2028-01-12,39.5601,44.0,0.9575,0.939,1.0,"High confidence: long, clean history with 730 days of observations."
P19,2028-01-13,45.7925,44.0,0.9919,1.0492,1.0,"High confidence: long, clean history with 730 days of observations."
P19,2028-01-14,49.1904,44.0,1.0655,1.0492,1.0,"High confidence: long, clean history with 730 days of observations."
P20,2028-01-01,19.5845,18.0,1.1644,0.9344,1.0,"High confidence: long, clean history with 730 days of observations."
P20,2028-01-02,19.2729,18.0,1.106,0.9681,1.0,"High confidence: long, clean history with 730 days of observations."
P20,2028-01-03,15.6083,18.0,0.8957,0.9681,1.0,"High confidence: long, clean history with 730 days of observations."
P20,2028-01-04,16.1311,18.0,0.9257,0.9681,1.0,"High confidence: long, clean history with 730 days of observations."
P20,2028-01-05,16.5963,18.0,0.9524,0.9681,1.0,"High confidence: long, clean history with 730 days of observations."
P20,2028-01-06,17.3578,18.0,0.9961,0.9681,1.0,"High confidence: long, clean history with 730 days of observations."
P20,2028-01-07,18.5219,18.0,1.0629,0.9681,1.0,"High confidence: long, clean history with 730 days of observations."
P20,2028-01-08,20.2906,18.0,1.1644,0.9681,1.0,"High confidence: long, clean history with 730 days of observations."
P20,2028-01-09,19.2729,18.0,1.106,0.9681,1.0,"High confidence: long, clean history with 730 days of observations."
P20,2028-01-10,15.6083,18.0,0.8957,0.9681,1.0,"High confidence: long, clean history with 730 days of observations."
P20,2028-01-11,16.1311,18.0,0.9257,0.9681,1.0,"High confidence: long, clean history with 730 days of observations."
P20,2028-01-12,16.5963,18.0,0.9524,0.9681,1.0,"High confidence: long, clean history with 730 days of observations."
P20,2028-01-13,20.5968,18.0,0.9961,1.1487,1.0,"High confidence: long, clean history with 730 days of observations."
P20,2028-01-14,21.9781,18.0,1.0629,1.1487,1.0,"High confidence: long, clean history with 730 days of observations."
P21,2028-01-01,10.1535,7.0,1.1259,1.2883,0.9,"High confidence: long, clean history with 657 days of observations."
P21,2028-01-02,8.7226,7.0,1.1038,1.1289,0.9,"High confidence: long, clean history with 657 days of observations."
P21,2028-01-03,7.7996,7.0,0.987,1.1289,0.9,"High confidence: long, clean history with 657 days of observations."
P21,2028-01-04,7.3436,7.0,0.9293,1.1289,0.9,"High confidence: long, clean history with 657 days of observations."
P21,2028-01-05,7.828,7.0,0.9906,1.1289,0.9,"High confidence: long, clean history with 657 days of observations."
P21,2028-01-06,7.2393,7.0,0.9161,1.1289,0.9,"High confidence: long, clean history with 657 days of observations."
P21,2028-01-07,8.2026,7.0,1.038,1.1289,0.9,"High confidence: long, clean history with 657 days of observations."
P21,2028-01-08,8.8972,7.0,1.1259,1.1289,0.9,"High confidence: long, clean history with 657 days of observations."
P21,2028-01-09,8.7226,7.0,1.1038,1.1289,0.9,"High confidence: long, clean history with 657 days of observations."
P21,2028-01-10,7.7996,7.0,0.987,1.1289,0.9,"High confidence: long, clean history with 657 days of observations."
P21,2028-01-11,7.3436,7.0,0.9293,1.1289,0.9,"High confidence: long, clean history with 657 days of observations."
P21,2028-01-12,7.828,7.0,0.9906,1.1289,0.9,"High confidence: long, clean history with 657 days of observations."
P21,2028-01-13,10.2863,7.0,0.9161,1.6041,0.9,"High confidence: long, clean history with 657 days of observations."
P21,2028-01-14,11.6551,7.0,1.038,1.6041,0.9,"High confidence: long, clean history with 657 days of observations."
P22,2028-01-01,36.4629,34.0,1.0891,0.9847,0.7671,Medium confidence: moderate history (560 days) limits seasonality learning.
P22,2028-01-02,39.963,34.0,1.0738,1.0946,0.7671,Medium confidence: moderate history (560 days) limits seasonality learning.
P22,2028-01-03,34.8494,34.0,0.9364,1.0946,0.7671,Medium confidence: moderate history (560 days) limits seasonality learning.
P22,2028-01-04,34.5778,34.0,0.9291,1.0946,0.7671,Medium confidence: moderate history (560 days) limits seasonality learning.
P22,2028-01-05,37.0638,34.0,0.9959,1.0946,0.7671,Medium confidence: moderate history (560 days) limits seasonality learning.
P22,2028-01-06,37.0005,34.0,0.9942,1.0946,0.7671,Medium confidence: moderate history (560 days) limits seasonality learning.
P22,2028-01-07,38.5078,34.0,1.0347,1.0946,0.7671,Medium confidence: moderate history (560 days) limits seasonality learning.
P22,2028-01-08,40.5324,34.0,1.0891,1.0946,0.7671,Medium confidence: moderate history (560 days) limits seasonality learning.
P22,2028-01-09,39.963,34.0,1.0738,1.0946,0.7671,Medium confidence: moderate history (560 days) limits seasonality learning.
P22,2028-01-10,34.8494,34.0,0.9364,1.0946,0.7671,Medium confidence: moderate history (560 days) limits seasonality learning.
P22,2028-01-11,34.5778,34.0,0.9291,1.0946,0.7671,Medium confidence: moderate history (560 days) limits seasonality learning.
P22,2028-01-12,37.0638,34.0,0.9959,1.0946,0.7671,Medium confidence: moderate history (560 days) limits seasonality learning.
P22,2028-01-13,51.8674,34.0,0.9942,1.5344,0.7671,Medium confidence: moderate history (560 days) limits seasonality learning.
P22,2028-01-14,53.9802,34.0,1.0347,1.5344,0.7671,Medium confidence: moderate history (560 days) limits seasonality learning.
P23,2028-01-01,49.062,46.0,1.1291,0.9446,0.6548,Medium confidence: moderate history (478 days) limits seasonality learning.
P23,2028-01-02,51.5632,46.0,1.0553,1.0622,0.6548,Medium confidence: moderate history (478 days) limits seasonality learning.
P23,2028-01-03,45.3725,46.0,0.9286,1.0622,0.6548,Medium confidence: moderate history (478 days) limits seasonality learning.
P23,2028-01-04,46.0957,46.0,0.9434,1.0622,0.6548,Medium confidence: moderate history (478 days) limits seasonality learning.
P23,2028-01-05,46.6527,46.0,0.9548,1.0622,0.6548,Medium confidence: moderate history (478 days) limits seasonality learning.
P23,2028-01-06,48.827,46.0,0.9993,1.0622,0.6548,Medium confidence: moderate history (478 days) limits seasonality learning.
P23,2028-01-07,51.9101,46.0,1.0624,1.0622,0.6548,Medium confidence: moderate history (478 days) limits seasonality learning.
P23,2028-01-08,55.1692,46.0,1.1291,1.0622,0.6548,Medium confidence: moderate history (478 days) limits seasonality learning.
P23,2028-01-09,51.5632,46.0,1.0553,1.0622,0.6548,Medium confidence: moderate history (478 days) limits seasonality learning.
P23,2028-01-10,45.3725,46.0,0.9286,1.0622,0.6548,Medium confidence: moderate history (478 days) limits seasonality learning.
P23,2028-01-11,46.0957,46.0,0.9434,1.0622,0.6548,Medium confidence: moderate history (478 days) limits seasonality learning.
P23,2028-01-12,46.6527,46.0,0.9548,1.0622,0.6548,Medium confidence: moderate history (478 days) limits seasonality learning.
P23,2028-01-13,74.5198,46.0,0.9993,1.6211,0.6548,Medium confidence: moderate history (478 days) limits seasonality learning.
P23,2028-01-14,79.2253,46.0,1.0624,1.6211,0.6548,Medium confidence: moderate history (478 days) limits seasonality learning.
P24,2028-01-01,21.3944,19.0,1.1212,1.0043,0.4521,Medium confidence: moderate history (330 days) limits seasonality learning.
P24,2028-01-02,20.5853,19.0,1.0788,1.0043,0.4521,Medium confidence: moderate history (330 days) limits seasonality learning.
P24,2028-01-03,16.8663,19.0,0.8839,1.0043,0.4521,Medium confidence: moderate history (330 days) limits seasonality learning.
P24,2028-01-04,19.4633,19.0,1.02,1.0043,0.4521,Medium confidence: moderate history (330 days) limits seasonality learning.
P24,2028-01-05,18.4425,19.0,0.9665,1.0043,0.4521,Medium confidence: moderate history (330 days) limits seasonality learning.
P24,2028-01-06,19.2172,19.0,1.0071,1.0043,0.4521,Medium confidence: moderate history (330 days) limits seasonality learning.
P24,2028-01-07,18.8852,19.0,0.9897,1.0043,0.4521,Medium confidence: moderate history (330 days) limits seasonality learning.
P24,2028-01-08,21.3944,19.0,1.1212,1.0043,0.4521,Medium confidence: moderate history (330 days) limits seasonality learning.
P24,2028-01-09,20.5853,19.0,1.0788,1.0043,0.4521,Medium confidence: moderate history (330 days) limits seasonality learning.
P24,2028-01-10,16.8663,19.0,0.8839,1.0043,0.4521,Medium confidence: moderate history (330 days) limits seasonality learning.
P24,2028-01-11,19.4633,19.0,1.02,1.0043,0.4521,Medium confidence: moderate history (330 days) limits seasonality learning.
P24,2028-01-12,18.4425,19.0,0.9665,1.0043,0.4521,Medium confidence: moderate history (330 days) limits seasonality learning.
P24,2028-01-13,19.2172,19.0,1.0071,1.0043,0.4521,Medium confidence: moderate history (330 days) limits seasonality learning.
P24,2028-01-14,18.8852,19.0,0.9897,1.0043,0.4521,Medium confidence: moderate history (330 days) limits seasonality learning.
P25,2028-01-01,51.2286,37.0,1.1436,1.2107,0.3123,"Low confidence: very short history (228 days), causing high uncertainty in seasonality."
P25,2028-01-02,52.4426,37.0,1.1707,1.2107,0.3123,"Low confidence: very short history (228 days), causing high uncertainty in seasonality."
P25,2028-01-03,40.8942,37.0,0.9129,1.2107,0.3123,"Low confidence: very short history (228 days), causing high uncertainty in seasonality."
P25,2028-01-04,41.4228,37.0,0.9247,1.2107,0.3123,"Low confidence: very short history (228 days), causing high uncertainty in seasonality."
P25,2028-01-05,40.0923,37.0,0.895,1.2107,0.3123,"Low confidence: very short history (228 days), causing high uncertainty in seasonality."
P25,2028-01-06,43.3132,37.0,0.9669,1.2107,0.3123,"Low confidence: very short history (228 days), causing high uncertainty in seasonality."
P25,2028-01-07,47.7659,37.0,1.0663,1.2107,0.3123,"Low confidence: very short history (228 days), causing high uncertainty in seasonality."
P25,2028-01-08,51.2286,37.0,1.1436,1.2107,0.3123,"Low confidence: very short history (228 days), causing high uncertainty in seasonality."
P25,2028-01-09,52.4426,37.0,1.1707,1.2107,0.3123,"Low confidence: very short history (228 days), causing high uncertainty in seasonality."
P25,2028-01-10,40.8942,37.0,0.9129,1.2107,0.3123,"Low confidence: very short history (228 days), causing high uncertainty in seasonality."
P25,2028-01-11,41.4228,37.0,0.9247,1.2107,0.3123,"Low confidence: very short history (228 days), causing high uncertainty in seasonality."
P25,2028-01-12,40.0923,37.0,0.895,1.2107,0.3123,"Low confidence: very short history (228 days), causing high uncertainty in seasonality."
P25,2028-01-13,43.3132,37.0,0.9669,1.2107,0.3123,"Low confidence: very short history (228 days), causing high uncertainty in seasonality."
P25,2028-01-14,47.7659,37.0,1.0663,1.2107,0.3123,"Low confidence: very short history (228 days), causing high uncertainty in seasonality."
P26,2028-01-01,68.6984,49.0,1.0897,1.2866,0.1945,"Low confidence: very short history (142 days), causing high uncertainty in seasonality."
P26,2028-01-02,72.1027,49.0,1.1437,1.2866,0.1945,"Low confidence: very short history (142 days), causing high uncertainty in seasonality."
P26,2028-01-03,54.9234,49.0,0.8712,1.2866,0.1945,"Low confidence: very short history (142 days), causing high uncertainty in seasonality."
P26,2028-01-04,58.9708,49.0,0.9354,1.2866,0.1945,"Low confidence: very short history (142 days), causing high uncertainty in seasonality."
P26,2028-01-05,61.0512,49.0,0.9684,1.2866,0.1945,"Low confidence: very short history (142 days), causing high uncertainty in seasonality."
P26,2028-01-06,62.8227,49.0,0.9965,1.2866,0.1945,"Low confidence: very short history (142 days), causing high uncertainty in seasonality."
P26,2028-01-07,63.2767,49.0,1.0037,1.2866,0.1945,"Low confidence: very short history (142 days), causing high uncertainty in seasonality."
P26,2028-01-08,68.6984,49.0,1.0897,1.2866,0.1945,"Low confidence: very short history (142 days), causing high uncertainty in seasonality."
P26,2028-01-09,72.1027,49.0,1.1437,1.2866,0.1945,"Low confidence: very short history (142 days), causing high uncertainty in seasonality."
P26,2028-01-10,54.9234,49.0,0.8712,1.2866,0.1945,"Low confidence: very short history (142 days), causing high uncertainty in seasonality."
P26,2028-01-11,58.9708,49.0,0.9354,1.2866,0.1945,"Low confidence: very short history (142 days), causing high uncertainty in seasonality."
P26,2028-01-12,61.0512,49.0,0.9684,1.2866,0.1945,"Low confidence: very short history (142 days), causing high uncertainty in seasonality."
P26,2028-01-13,62.8227,49.0,0.9965,1.2866,0.1945,"Low confidence: very short history (142 days), causing high uncertainty in seasonality."
P26,2028-01-14,63.2767,49.0,1.0037,1.2866,0.1945,"Low confidence: very short history (142 days), causing high uncertainty in seasonality."
P27,2028-01-01,61.4285,46.0,1.2107,1.103,0.126,"Low confidence: very short history (92 days), causing high uncertainty in seasonality."
P27,2028-01-02,56.7758,46.0,1.119,1.103,0.126,"Low confidence: very short history (92 days), causing high uncertainty in seasonality."
P27,2028-01-03,41.732,46.0,0.8225,1.103,0.126,"Low confidence: very short history (92 days), causing high uncertainty in seasonality."
P27,2028-01-04,46.816,46.0,0.9227,1.103,0.126,"Low confidence: very short history (92 days), causing high uncertainty in seasonality."
P27,2028-01-05,46.7094,46.0,0.9206,1.103,0.126,"Low confidence: very short history (92 days), causing high uncertainty in seasonality."
P27,2028-01-06,46.6333,46.0,0.9191,1.103,0.126,"Low confidence: very short history (92 days), causing high uncertainty in seasonality."
P27,2028-01-07,59.815,46.0,1.1789,1.103,0.126,"Low confidence: very short history (92 days), causing high uncertainty in seasonality."
P27,2028-01-08,61.4285,46.0,1.2107,1.103,0.126,"Low confidence: very short history (92 days), causing high uncertainty in seasonality."
P27,2028-01-09,56.7758,46.0,1.119,1.103,0.126,"Low confidence: very short history (92 days), causing high uncertainty in seasonality."
P27,2028-01-10,41.732,46.0,0.8225,1.103,0.126,"Low confidence: very short history (92 days), causing high uncertainty in seasonality."
P27,2028-01-11,46.816,46.0,0.9227,1.103,0.126,"Low confidence: very short history (92 days), causing high uncertainty in seasonality."
P27,2028-01-12,46.7094,46.0,0.9206,1.103,0.126,"Low confidence: very short history (92 days), causing high uncertainty in seasonality."
P27,2028-01-13,46.6333,46.0,0.9191,1.103,0.126,"Low confidence: very short history (92 days), causing high uncertainty in seasonality."
P27,2028-01-14,59.815,46.0,1.1789,1.103,0.126,"Low confidence: very short history (92 days), causing high uncertainty in seasonality."
P28,2026-08-29,5.0,5.0,1.0,1.0,,
P28,2026-08-30,5.0,5.0,1.0,1.0,,
P28,2026-08-31,5.0,5.0,1.0,1.0,,
P28,2026-09-01,5.0,5.0,1.0,1.0,,
P28,2026-09-02,5.0,5.0,1.0,1.0,,
P28,2026-09-03,5.0,5.0,1.0,1.0,,
P28,2026-09-04,5.0,5.0,1.0,1.0,,
P28,2026-09-05,5.0,5.0,1.0,1.0,,
P28,2026-09-06,5.0,5.0,1.0,1.0,,
P28,2026-09-07,5.0,5.0,1.0,1.0,,
P28,2026-09-08,5.0,5.0,1.0,1.0,,
P28,2026-09-09,5.0,5.0,1.0,1.0,,
P28,2026-09-10,5.0,5.0,1.0,1.0,,
P28,2026-09-11,5.0,5.0,1.0,1.0,,
P29,2026-08-28,5.0,5.0,1.0,1.0,,
P29,2026-08-29,5.0,5.0,1.0,1.0,,
P29,2026-08-30,5.0,5.0,1.0,1.0,,
P29,2026-08-31,5.0,5.0,1.0,1.0,,
P29,2026-09-01,5.0,5.0,1.0,1.0,,
P29,2026-09-02,5.0,5.0,1.0,1.0,,
P29,2026-09-03,5.0,5.0,1.0,1.0,,
P29,2026-09-04,5.0,5.0,1.0,1.0,,
P29,2026-09-05,5.0,5.0,1.0,1.0,,
P29,2026-09-06,5.0,5.0,1.0,1.0,,
P29,2026-09-07,5.0,5.0,1.0,1.0,,
P29,2026-09-08,5.0,5.0,1.0,1.0,,
P29,2026-09-09,5.0,5.0,1.0,1.0,,
P29,2026-09-10,5.0,5.0,1.0,1.0,,
P30,2026-08-28,5.0,5.0,1.0,1.0,,
P30,2026-08-29,5.0,5.0,1.0,1.0,,
P30,2026-08-30,5.0,5.0,1.0,1.0,,
P30,2026-08-31,5.0,5.0,1.0,1.0,,
P30,2026-09-01,5.0,5.0,1.0,1.0,,
P30,2026-09-02,5.0,5.0,1.0,1.0,,
P30,2026-09-03,5.0,5.0,1.0,1.0,,
P30,2026-09-04,5.0,5.0,1.0,1.0,,
P30,2026-09-05,5.0,5.0,1.0,1.0,,
P30,2026-09-06,5.0,5.0,1.0,1.0,,
P30,2026-09-07,5.0,5.0,1.0,1.0,,
P30,2026-09-08,5.0,5.0,1.0,1.0,,
P30,2026-09-09,5.0,5.0,1.0,1.0,,
P30,2026-09-10,5.0,5.0,1.0,1.0,,
P31,2026-08-29,5.0,5.0,1.0,1.0,,
P31,2026-08-30,5.0,5.0,1.0,1.0,,
P31,2026-08-31,5.0,5.0,1.0,1.0,,
P31,2026-09-01,5.0,5.0,1.0,1.0,,
P31,2026-09-02,5.0,5.0,1.0,1.0,,
P31,2026-09-03,5.0,5.0,1.0,1.0,,
P31,2026-09-04,5.0,5.0,1.0,1.0,,
P31,2026-09-05,5.0,5.0,1.0,1.0,,
P31,2026-09-06,5.0,5.0,1.0,1.0,,
P31,2026-09-07,5.0,5.0,1.0,1.0,,
P31,2026-09-08,5.0,5.0,1.0,1.0,,
P31,2026-09-09,5.0,5.0,1.0,1.0,,
P31,2026-09-10,5.0,5.0,1.0,1.0,,
P31,2026-09-11,5.0,5.0,1.0,1.0,,
P32,2026-08-28,5.0,5.0,1.0,1.0,,
P32,2026-08-29,5.0,5.0,1.0,1.0,,
P32,2026-08-30,5.0,5.0,1.0,1.0,,
P32,2026-08-31,5.0,5.0,1.0,1.0,,
P32,2026-09-01,5.0,5.0,1.0,1.0,,
P32,2026-09-02,5.0,5.0,1.0,1.0,,
P32,2026-09-03,5.0,5.0,1.0,1.0,,
P32,2026-09-04,5.0,5.0,1.0,1.0,,
P32,2026-09-05,5.0,5.0,1.0,1.0,,
P32,2026-09-06,5.0,5.0,1.0,1.0,,
P32,2026-09-07,5.0,5.0,1.0,1.0,,
P32,2026-09-08,5.0,5.0,1.0,1.0,,
P32,2026-09-09,5.0,5.0,1.0,1.0,,
P32,2026-09-10,5.0,5.0,1.0,1.0,,
